exam_system,section,region_or_subsection,maneuver_or_finding,source_item,patient_instruction_or_setup,examiner_technique,observe_or_positive_finding,function_or_clinical_use,suggested_checklist_label,suggested_options,include_when
Neuro,Cranial Nerves,CN II,Visual acuity,Neuro 1,"Cover one eye and read the smallest line possible; use reading glasses if applicable; repeat other eye","Use pocket visual screening chart at listed distance","Smallest line read in each eye","Screens optic nerve visual input","Visual acuity","Baseline / Reduced right / Reduced left / Reduced both / Unable","Vision complaint; pituitary or optic pathway disease; stroke; neuro exam"
Neuro,Cranial Nerves,CN II,Visual fields,Neuro 2,"Cover one eye; look at examiner's nose; report number of fingers","Examiner covers opposite eye; hands 1-2 feet from patient, equidistant; test 4 quadrants each eye with 1, 2, or 5 fingers","Field cut or quadrant deficit","Screens peripheral and central visual input","Visual fields","Full / Deficit right / Deficit left / Deficit bilateral / Unable","Vision change; pituitary/suprasellar lesion; stroke; neuro exam"
Neuro,Cranial Nerves,CN III IV VI,Extraocular movements,Neuro 3,"Follow examiner finger with eyes while keeping head still","Move finger in large H at eye level","Limited movement, diplopia, nystagmus","Screens ocular motor cranial nerves III, IV, VI","Extraocular movements","Intact / Limited / Diplopia / Nystagmus / Unable","Diplopia; eye complaint; brainstem/cavernous sinus concern; neuro exam"
Neuro,Cranial Nerves,CN III,Convergence,Neuro 4,"Follow examiner finger as it moves toward face","Move finger slowly toward face to about 10 cm; do not touch nose","Impaired convergence","Screens medial rectus convergence via CN III","Convergence","Intact / Impaired / Unable","Diplopia; neuro exam; eye complaint"
Neuro,Cranial Nerves,CN II III,Pupillary light,Neuro 5,"Look at a distant point","Dim lights; shine light into each eye twice; observe direct and consensual response; do not do same eye twice","Unequal, sluggish, nonreactive, afferent defect","CN II afferent light sensing and CN III efferent constriction","Pupils","Equal and reactive / Unequal / Sluggish / Nonreactive / Unable","Neuro exam; altered mental status; eye complaint; head trauma"
Neuro,Cranial Nerves,CN V,Facial light touch,Neuro 6,"Tell examiner whether sensation feels the same or similar at each level","Use soft cotton-tipped applicator on forehead V1, cheek V2, jaw V3 bilaterally and symmetrically; aim above eyebrow, cheek, and submandibular region","Reduced or asymmetric facial sensation","Screens trigeminal sensory branches V1, V2, V3","Facial light touch","Symmetric / Diminished right / Diminished left / Absent / Unable","Facial numbness; stroke; cranial nerve exam"
Neuro,Cranial Nerves,CN V,Facial sharp touch,Neuro 7,"Tell examiner whether sensation feels sharp and same or similar","Break cotton-tipped applicator to sharp point; test forehead V1, cheek V2, jaw V3 bilaterally and symmetrically","Reduced or asymmetric pain sensation","Screens trigeminal nociceptive sensation","Facial sharp sensation","Symmetric / Diminished right / Diminished left / Absent / Unable","Facial numbness; trigeminal concern; neuro exam"
Neuro,Cranial Nerves,CN V,Masseter strength,Neuro 8,"Clench jaw, then relax","Place fingers on masseter muscles","Weak or asymmetric contraction","Screens muscles of mastication via CN V","Masseter strength","Symmetric / Weak right / Weak left / Unable","Cranial nerve exam; jaw weakness"
Neuro,Cranial Nerves,CN VII,Eye closure strength,Neuro 9,"Close eyes tightly; resist examiner opening them; then open eyes widely","Try to open closed eyelids; observe wide eye opening","Weak eye closure or facial weakness","Screens orbicularis oculi and facial nerve","Eye closure strength","Symmetric / Weak right / Weak left / Unable","Facial weakness; stroke; cranial nerve exam"
Neuro,Cranial Nerves,CN VII,Show teeth,Neuro 10,"Show teeth","Observe facial symmetry","Facial droop or asymmetric smile","Screens facial expression via CN VII","Facial symmetry","Symmetric / Droop right / Droop left / Unable","Facial weakness; stroke; cranial nerve exam"
Neuro,Cranial Nerves,CN VIII,Auditory acuity,Neuro 11,"Close eyes; say which ear hears the sound; say if sound is same or similar","Rub fingers about 10 cm from each ear one at a time","Reduced hearing or asymmetry","Screens cochlear branch of CN VIII","Auditory acuity","Symmetric / Reduced right / Reduced left / Unable","Hearing complaint; cranial nerve exam"
Neuro,Cranial Nerves,CN VIII,Weber test,Neuro 12,"Say whether sound is equal in both ears or louder on one side","Use 512 Hz tuning fork; strike fork; place on midline top of head","Lateralizes right or left","Distinguishes conductive vs sensorineural hearing loss with Rinne","Weber test","Midline / Lateralizes right / Lateralizes left / Unable","Hearing loss evaluation"
Neuro,Cranial Nerves,CN VIII,Rinne test,Neuro 13,"Say when sound behind ear stops, then whether sound is heard in front of ear","Use 512 Hz tuning fork; place on mastoid; when stopped move to front of ear canal; repeat other ear","Air conduction greater than bone conduction or bone conduction greater/equal","Compares air vs bone conduction","Rinne test","AC > BC bilaterally / BC >= AC right / BC >= AC left / Unable","Hearing loss evaluation"
Neuro,Cranial Nerves,CN IX X,Palate elevation,Neuro 14,"Open mouth and say ahh","Use light source; observe palate and uvula","Asymmetric elevation or absent movement","CN IX sensory/gag afferent and CN X palate/pharynx motor","Palate elevation","Symmetric / Asymmetric / Absent / Unable","Dysphagia; dysarthria; bulbar concern; cranial nerve exam"
Neuro,Cranial Nerves,CN XI,Sternocleidomastoid strength,Neuro 15,"Rotate head against resistance","Place one hand on shoulder and other on opposite cheek; push head toward midline; repeat other side","Weakness or asymmetry","Screens CN XI sternocleidomastoid","SCM strength","Symmetric / Weak right / Weak left / Unable","Cranial nerve exam; neck weakness"
Neuro,Cranial Nerves,CN XI,Trapezius strength,Neuro 16,"Shrug shoulders and keep them up","Push shoulders down","Weakness or asymmetry","Screens CN XI trapezius","Trapezius strength","Symmetric / Weak right / Weak left / Unable","Cranial nerve exam; shoulder/neck weakness"
Neuro,Cranial Nerves,CN XII,Tongue protrusion,Neuro 17,"Open mouth, stick tongue out, and move side to side","Observe tongue protrusion and lateral movement","Deviation or weakness","Screens hypoglossal nerve motor function","Tongue protrusion","Midline / Deviates right / Deviates left / Unable","Bulbar symptoms; dysarthria; cranial nerve exam"
Neuro,Motor,Upper extremity,Pronator drift,Neuro 18,"Hold arms straight out, palms up, close eyes","Observe at least 5 seconds","Pronation or downward drift","Screens subtle upper motor neuron weakness","Pronator drift","Absent / Present right / Present left / Unable","Weakness; stroke; myelopathy; neuro exam"
Neuro,Motor,Upper extremity,Deltoid strength,Neuro 19,"Arms out to side with elbows bent like chicken wings; resist downward push","Hands proximal to elbows; push down; test bilaterally together or one at a time","Weakness grade or asymmetry","Screens shoulder abduction strength","Deltoid strength","0 / 1 / 2 / 3 / 4 / 5","Upper extremity weakness; neuro/MSK exam"
Neuro,Motor,Upper extremity,Biceps strength,Neuro 20,"Arms in boxing position; resist forearm being pulled anteriorly","Stabilize proximal to elbow; pull forearm; one arm at a time","Weakness grade or asymmetry","Screens elbow flexion","Biceps strength","0 / 1 / 2 / 3 / 4 / 5","Upper extremity weakness; neuro/MSK exam"
Neuro,Motor,Upper extremity,Triceps strength,Neuro 21,"Arms in boxing position; resist forearm being pushed posteriorly","Stabilize proximal to elbow; push forearm; one arm at a time","Weakness grade or asymmetry","Screens elbow extension","Triceps strength","0 / 1 / 2 / 3 / 4 / 5","Upper extremity weakness; neuro/MSK exam"
Neuro,Motor,Upper extremity,Wrist extensor strength,Neuro 22,"Lift hand toward ceiling and resist downward push","Stabilize proximal to wrist; test one wrist at a time","Weakness grade or asymmetry","Screens wrist extension","Wrist extension strength","0 / 1 / 2 / 3 / 4 / 5","Radial nerve concern; upper extremity weakness"
Neuro,Motor,Upper extremity,Wrist flexor strength,Neuro 23,"Move hand toward floor and resist upward push","Stabilize proximal to wrist; test one wrist at a time","Weakness grade or asymmetry","Screens wrist flexion","Wrist flexion strength","0 / 1 / 2 / 3 / 4 / 5","Upper extremity weakness"
Neuro,Motor,Lower extremity,Hip flexor strength,Neuro 24,"Lift thigh off table and resist downward push; hands may support but not leverage","Push thigh down; test one leg at a time","Weakness grade or asymmetry","Screens hip flexion","Hip flexion strength","0 / 1 / 2 / 3 / 4 / 5","Lower extremity weakness; myelopathy; radiculopathy"
Neuro,Motor,Lower extremity,Knee extensor strength,Neuro 25,"Straighten leg and resist downward push","Stabilize thigh with one hand; push distal leg down","Weakness grade or asymmetry","Screens knee extension","Knee extension strength","0 / 1 / 2 / 3 / 4 / 5","Lower extremity weakness"
Neuro,Motor,Lower extremity,Knee flexor strength,Neuro 26,"Resist distal leg being pulled anteriorly","Stabilize thigh carefully; pull distal leg anteriorly","Weakness grade or asymmetry","Screens knee flexion","Knee flexion strength","0 / 1 / 2 / 3 / 4 / 5","Lower extremity weakness"
Neuro,Motor,Lower extremity,Ankle dorsiflexion strength,Neuro 27,"Point foot up toward ceiling and resist downward push","Stabilize proximal to ankle; test one ankle at a time","Weakness grade or asymmetry","Screens ankle dorsiflexion","Ankle dorsiflexion strength","0 / 1 / 2 / 3 / 4 / 5","Foot drop; lower extremity weakness"
Neuro,Motor,Lower extremity,Ankle plantarflexion strength,Neuro 28,"Point foot down toward floor and resist upward push","Stabilize proximal to ankle; test one ankle at a time","Weakness grade or asymmetry","Screens ankle plantarflexion","Ankle plantarflexion strength","0 / 1 / 2 / 3 / 4 / 5","Lower extremity weakness"
Neuro,Sensation,Preparation,Sensory exam setup,Neuro sensation prep,"Remove footwear; roll sleeves up; lift gown to middle of thigh; place hands at side","Expose skin appropriately for symmetric sensory testing","Adequate exposure and symmetry","Improves reliability of sensory testing","Sensory exam setup","Completed / Limited by exposure / Deferred","Focused sensory exam"
Neuro,Sensation,Extremities,Light touch extremities,Neuro 29,"Say whether sensation feels the same or similar at symmetric locations","Use soft cotton-tipped applicator on arms mid-arm, hands/fingers, legs/thighs, feet/toes bilaterally on skin","Diminished, absent, asymmetric, level","Screens large-fiber light touch distribution","Extremity light touch","Intact / Diminished / Absent / Sensory level ___","Numbness; neuropathy; myelopathy; stroke"
Neuro,Sensation,Extremities,Sharp touch extremities,Neuro 30,"Say whether each location feels sharp and same or similar","Use broken cotton-tipped applicator sharp point on arms, hands, legs, feet bilaterally on skin","Diminished, absent, asymmetric, level","Screens pain sensation","Extremity pinprick","Intact / Diminished / Absent / Sensory level ___","Numbness; neuropathy; myelopathy"
Neuro,Sensation,Great toes,Vibration,Neuro 31,"Say if vibration is felt and when it stops","Use 128 Hz tuning fork; demonstrate on wrist; test IP joint of big toe; move proximal to lateral malleolus if not sensed; test bilaterally","Reduced or absent vibration","Screens dorsal column/large-fiber neuropathy","Vibration sense","Intact / Diminished / Absent / Unable","Neuropathy; B12 deficiency; dorsal column disease; diabetes"
Neuro,Sensation,Great toes,Proprioception,Neuro 32,"Learn up/down, close eyes, report toe movement direction","Hold big toe by sides; support proximal joint; move slightly up or down; at least 3 movements each great toe","Incorrect direction or absent position sense","Screens dorsal column proprioception","Great toe proprioception","Intact / Diminished / Absent / Unable","Neuropathy; dorsal column disease; ataxia"
Neuro,Reflexes,Upper extremity,Biceps reflex,Neuro 33,"Relax arm","Place thumb or fingers over biceps tendon and strike finger with reflex hammer; test bilaterally","Absent, diminished, brisk, clonus/asymmetry","Screens C5-C6 reflex arc","Biceps reflex","Absent / Diminished / Normal / Brisk / Clonus","Weakness; myelopathy; radiculopathy"
Neuro,Reflexes,Upper extremity,Brachioradialis reflex,Neuro 34,"Relax arm","Strike 1-2 inches proximal to wrist on radial side of forearm; test bilaterally","Absent, diminished, brisk, clonus/asymmetry","Screens C5-C6 reflex arc","Brachioradialis reflex","Absent / Diminished / Normal / Brisk / Clonus","Weakness; myelopathy; radiculopathy"
Neuro,Reflexes,Upper extremity,Triceps reflex,Neuro 35,"Relax arm","Abduct arm to 90 degrees with forearm dangling while supporting proximal to elbow; strike triceps tendon; test bilaterally","Absent, diminished, brisk, clonus/asymmetry","Screens C7-C8 reflex arc","Triceps reflex","Absent / Diminished / Normal / Brisk / Clonus","Weakness; myelopathy; radiculopathy"
Neuro,Reflexes,Lower extremity,Patellar reflex,Neuro 36,"Relax leg","Strike patellar tendon below patella; test bilaterally","Absent, diminished, brisk, clonus/asymmetry","Screens L3-L4 reflex arc","Patellar reflex","Absent / Diminished / Normal / Brisk / Clonus","Weakness; myelopathy; radiculopathy"
Neuro,Reflexes,Lower extremity,Achilles reflex,Neuro 37,"Relax ankle","Hold ball of foot; passively dorsiflex to 90 degrees; strike Achilles tendon; test bilaterally","Absent, diminished, brisk, clonus/asymmetry","Screens S1 reflex arc","Achilles reflex","Absent / Diminished / Normal / Brisk / Clonus","Weakness; myelopathy; neuropathy"
Neuro,Reflexes,Lower extremity,Plantar reflex Babinski sign,Neuro 38,"Relax foot","Use pointed end of reflex hammer; scrape plantar foot from heel up lateral aspect and across ball toward big toe; test bilaterally","Upgoing toe or no response","Screens upper motor neuron sign","Babinski sign","Downgoing / Upgoing right / Upgoing left / Upgoing both / Equivocal","Myelopathy; stroke; upper motor neuron concern"
Neuro,Coordination and Gait,Upper extremity,Finger-to-nose,Neuro 39,"Touch nose with index finger, then touch examiner finger, then return to nose","Extend target through all four quadrants; test both hands","Dysmetria, intention tremor, ataxia","Screens cerebellar coordination","Finger-to-nose","Normal / Impaired right / Impaired left / Impaired both / Unable","Ataxia; cerebellar disease; intoxication; stroke"
Neuro,Coordination and Gait,Upper extremity,Rapid alternating movements,Neuro 40,"Alternately slap dorsal and palmar hand against thigh; mimic examiner","Test one hand at a time; at least 5 cycles each","Dysdiadochokinesia or slowness","Screens cerebellar coordination","Rapid alternating movements","Normal / Slow right / Slow left / Impaired both / Unable","Ataxia; cerebellar disease"
Neuro,Coordination and Gait,Lower extremity,Heel-to-shin,Neuro 41,"Place heel on opposite knee and drag down shin to ankle, then back to knee","Test both legs","Ataxia or dysmetria","Screens lower extremity coordination","Heel-to-shin","Normal / Impaired right / Impaired left / Impaired both / Unable","Ataxia; cerebellar disease"
Neuro,Coordination and Gait,Gait,Gait,Neuro 42,"Walk across room, turn, and walk back","Observe gait","Unsteady, shuffling, wide-based, antalgic","Screens gait and functional mobility","Gait","Steady / Unsteady / Antalgic / Unable","Falls; weakness; dizziness; neuro/MSK exam"
Neuro,Coordination and Gait,Gait,Toe walking,Neuro 43,"Walk away on toes","Observe ability","Unable or asymmetric weakness","Screens plantarflexion/S1 function","Toe walking","Intact / Impaired / Unable","Radiculopathy; weakness; gait exam"
Neuro,Coordination and Gait,Gait,Heel walking,Neuro 44,"Walk toward examiner on heels","Observe ability","Unable or asymmetric weakness","Screens dorsiflexion/L4-L5 function","Heel walking","Intact / Impaired / Unable","Foot drop; radiculopathy; gait exam"
Neuro,Coordination and Gait,Gait,Heel-to-toe tandem gait,Neuro 45,"Walk heel-to-toe, one foot in front of the other","Walk with patient for safety","Imbalance or inability","Screens balance/cerebellar function","Tandem gait","Intact / Unsteady / Unable / Deferred for safety","Ataxia; falls; intoxication; neuro exam"
Neuro,Coordination and Gait,Balance,Romberg,Neuro 46,"Stand with feet together and arms at side, then close eyes","Apply contact guard near patient; observe at least 5 seconds","Sways or falls with eyes closed","Screens proprioceptive balance","Romberg","Negative / Positive / Deferred for safety","Sensory ataxia; neuropathy; balance concern"
Neuro,Hearing Interpretation,CN VIII,Rinne normal interpretation,Neuro Rinne physics,"N/A","Interpret Rinne result","Air conduction greater than bone conduction is normal","Air conduction benefits from tympanic membrane and ossicle amplification and broader frequency range","Rinne interpretation","Normal AC > BC / Conductive pattern BC >= AC / Unable","When Rinne performed"
Neuro,Hearing Interpretation,CN VIII,Rinne conductive loss interpretation,Neuro Rinne physics,"N/A","Interpret Rinne result","Bone conduction greater or equal air conduction suggests conductive loss","Bone conduction bypasses conductive block such as wax, fluid, or ossicle problem","Rinne conductive pattern","Absent / Present right / Present left / Present bilateral","Hearing loss evaluation"
Neuro,Hearing Interpretation,CN VIII,Weber normal interpretation,Neuro Weber physics,"N/A","Interpret Weber result","Sound midline is normal","Skull vibration reaches both cochleae equally by bone conduction","Weber interpretation","Midline / Lateralizes right / Lateralizes left","When Weber performed"
Neuro,Hearing Interpretation,CN VIII,Weber conductive loss interpretation,Neuro Weber physics,"N/A","Interpret Weber result","Sound lateralizes to bad ear in conductive loss","Less ambient sound and altered tympanic membrane tension can make bone-conducted sound clearer","Weber conductive pattern","Possible right conductive / Possible left conductive / Not suggested","Hearing loss evaluation"
Neuro,Hearing Interpretation,CN VIII,Weber sensorineural loss interpretation,Neuro Weber physics,"N/A","Interpret Weber result","Sound lateralizes to good ear in sensorineural loss","Damaged cochlea or auditory nerve detects both air and bone conduction poorly","Weber sensorineural pattern","Possible right sensorineural / Possible left sensorineural / Not suggested","Hearing loss evaluation"
HEENT,Head,Scalp,Scalp inspection and palpation,HEENT 1,"Sit comfortably","Inspect scalp; palpate with fingertips and palms","Lesions, tenderness, swelling","Screens scalp trauma, lesions, tenderness","Scalp exam","Normal / Lesion / Tenderness / Swelling","Headache; trauma; HEENT exam"
HEENT,Eyes,Eyes,Inspect sclerae and conjunctivae,HEENT 2,"Look up while lower lids are pulled down","Inspect sclerae and conjunctivae","Injection, pallor, icterus, discharge","Screens anemia, jaundice, conjunctivitis","Sclerae and conjunctivae","Normal / Icteric / Pale / Injected / Discharge","HEENT; anemia; jaundice; eye symptoms"
HEENT,Eyes,Eyes,Ophthalmoscope red reflex/fundus,HEENT 3,"Look at a distant point","Dim lights; stand 1-2 feet away and about 15 degrees lateral; use right hand/right eye for right eye and left hand/left eye for left eye; observe red reflex and follow toward patient to 1-2 inches","Red reflex or fundus abnormality","Screens ocular media and posterior eye when feasible","Ophthalmoscopic exam","Red reflex present / Abnormal / Unable","Vision symptoms; diabetes; hypertension; neuro/HEENT exam"
HEENT,Ears,External ears,Inspect external ears,HEENT 4,"Sit comfortably","Inspect external ears bilaterally; bend pinna to inspect behind each ear","Lesions, tenderness, deformity, discharge","Screens external ear pathology","External ears","Normal / Tender / Lesion / Discharge / Deformity","Ear symptoms; HEENT exam"
HEENT,Ears,Ear canals and TMs,Ear otoscope,HEENT 5,"Sit still","Place clean speculum; pull pinna up and back; gently insert into canal center; observe tympanic membrane; repeat other ear","Cerumen, erythema, effusion, perforation, abnormal TM","Screens ear canal and tympanic membrane","Otoscope exam","Normal / Cerumen / Erythema / Effusion / Abnormal TM / Unable","Ear pain; hearing loss; infection"
HEENT,Nose,Nares,Nose otoscope,HEENT 6,"Tilt head up","Place clean speculum; stabilize head and thumb on nose tip; gently insert into naris; observe; repeat other naris","Congestion, discharge, bleeding, lesions","Screens nasal mucosa and obstruction","Nasal exam","Normal / Congestion / Rhinorrhea / Epistaxis / Lesion","Nasal symptoms; URI; epistaxis"
HEENT,Nose,Sinuses,Frontal and maxillary sinus palpation,HEENT 7,"Tell examiner if tenderness occurs","Palpate frontal sinuses above each eye and maxillary sinuses below each eye bilaterally","Tenderness","Screens sinus tenderness","Sinus tenderness","Absent / Frontal / Maxillary / Diffuse","Sinus symptoms; headache; URI"
HEENT,Mouth,Mouth,Inspect mouth,HEENT 8,"Open mouth; touch tip of tongue to roof of mouth","Use tongue blade and light; inspect gingivae, dentition, and subglossal area","Poor dentition, lesions, bleeding, dry mucosa","Screens oral cavity","Mouth exam","Normal / Dry mucosa / Lesions / Poor dentition / Bleeding","HEENT; dehydration; infection; oral symptoms"
HEENT,Mouth,Oropharynx,Inspect oropharynx,HEENT 9,"Open mouth","Use tongue blade and light; inspect posterior pharynx, uvula, tonsils","Erythema, exudate, swelling, uvular deviation","Screens pharyngeal/tonsillar pathology","Oropharynx","Clear / Erythematous / Exudate / Swollen / Uvula deviated","Sore throat; infection; airway concerns"
HEENT,Lymph Nodes and Thyroid,Lymph nodes,Preauricular lymph nodes,HEENT 10,"Relax neck","Use two fingers in circular motions bilaterally on skin in front of ear","Lymphadenopathy or tenderness","Screens regional lymph nodes","Preauricular nodes","Not enlarged / Enlarged / Tender","HEENT infection; malignancy concern"
HEENT,Lymph Nodes and Thyroid,Lymph nodes,Posterior auricular lymph nodes,HEENT 10,"Relax neck","Palpate behind ear bilaterally","Lymphadenopathy or tenderness","Screens regional lymph nodes","Posterior auricular nodes","Not enlarged / Enlarged / Tender","HEENT infection"
HEENT,Lymph Nodes and Thyroid,Lymph nodes,Occipital lymph nodes,HEENT 10,"Relax neck","Palpate base of skull bilaterally","Lymphadenopathy or tenderness","Screens regional lymph nodes","Occipital nodes","Not enlarged / Enlarged / Tender","Scalp infection; HEENT exam"
HEENT,Lymph Nodes and Thyroid,Lymph nodes,Tonsillar lymph nodes,HEENT 10,"Relax jaw/neck","Palpate angle of jaw bilaterally","Lymphadenopathy or tenderness","Screens regional lymph nodes","Tonsillar nodes","Not enlarged / Enlarged / Tender","Throat infection; HEENT exam"
HEENT,Lymph Nodes and Thyroid,Lymph nodes,Submandibular lymph nodes,HEENT 10,"Relax jaw/neck","Palpate along jaw bilaterally","Lymphadenopathy or tenderness","Screens regional lymph nodes","Submandibular nodes","Not enlarged / Enlarged / Tender","Oral/throat infection; HEENT exam"
HEENT,Lymph Nodes and Thyroid,Lymph nodes,Submental lymph nodes,HEENT 10,"Relax jaw/neck","Palpate under chin","Lymphadenopathy or tenderness","Screens regional lymph nodes","Submental nodes","Not enlarged / Enlarged / Tender","Oral infection; HEENT exam"
HEENT,Lymph Nodes and Thyroid,Lymph nodes,Anterior cervical lymph nodes,HEENT 10,"Relax neck","Palpate down in front of SCM bilaterally","Lymphadenopathy or tenderness","Screens cervical nodes","Anterior cervical nodes","Not enlarged / Enlarged / Tender","Infection; malignancy; HEENT exam"
HEENT,Lymph Nodes and Thyroid,Lymph nodes,Posterior cervical lymph nodes,HEENT 10,"Relax neck","Palpate down behind SCM bilaterally","Lymphadenopathy or tenderness","Screens cervical nodes","Posterior cervical nodes","Not enlarged / Enlarged / Tender","Infection; malignancy; HEENT exam"
HEENT,Lymph Nodes and Thyroid,Lymph nodes,Supraclavicular lymph nodes,HEENT 10,"Relax shoulders","Palpate above clavicle starting centrally and fanning outward","Lymphadenopathy or tenderness","Screens supraclavicular nodes","Supraclavicular nodes","Not enlarged / Enlarged / Tender","Malignancy/infection concern; HEENT exam"
HEENT,Lymph Nodes and Thyroid,Thyroid,Thyroid inspection and palpation,HEENT 11,"Swallow when asked","Inspect from front while swallowing; palpate from behind below cricoid cartilage over both lobes while swallowing","Thyromegaly, nodules, tenderness, asymmetry","Screens thyroid enlargement or nodules","Thyroid exam","Normal / Enlarged / Nodule / Tender / Asymmetric","Thyroid disease; neck mass; endocrine exam"
Abdomen,Setup,Positioning,Positioning and draping,Abdomen 1,"Lie supine; raise gown with permission; drape waist and legs","Flatten table; lift foot extension; expose abdomen xiphoid to symphysis pubis; stand on right side","Appropriate exposure and comfort","Ensures proper abdominal exam setup","Abdominal exam setup","Completed / Limited / Deferred","Abdominal exam"
Abdomen,Core Exam,Inspection,Inspect abdomen,Abdomen 2,"Lie supine","Inspect abdomen","Distension, scars, lesions, asymmetry","Screens abdominal appearance","Abdominal inspection","Flat / Distended / Scar / Lesion / Asymmetric","Abdominal pain; GI/GU exam"
Abdomen,Core Exam,Auscultation,Auscultate abdomen,Abdomen 3,"Lie still","Auscultate before percussion/palpation with diaphragm in one quadrant at least 10 seconds","Absent, hypoactive, hyperactive sounds","Screens bowel sounds","Bowel sounds","Present / Hypoactive / Hyperactive / Absent","Abdominal pain; obstruction/ileus concern"
Abdomen,Core Exam,Percussion,Percuss abdomen,Abdomen 4,"Tell examiner if pain occurs","If pain present, start away from painful area; percuss all 4 quadrants","Tympany, dullness, pain","Screens gas/fluid/organ dullness","Abdominal percussion","Tympanic / Dullness / Tender / Not done","Abdominal pain; ascites/organomegaly concern"
Abdomen,Core Exam,Palpation,Light and deep palpation,Abdomen 5,"Tell examiner if pain occurs","If pain present, start away from painful area; palpate lightly and deeply in all 4 quadrants","Tenderness, guarding, masses","Screens tenderness, peritoneal signs, masses","Abdominal palpation","Nontender / Tender ___ / Guarding / Mass ___","Abdominal pain; GI/GU exam"
Abdomen,Organ Exam,Spleen,Palpate spleen,Abdomen 6,"Inhale and exhale when asked","Left hand under lower left back lifting spleen anteriorly; right hand at left costal margin; palpate through respiratory cycle","Splenomegaly or tenderness","Screens spleen enlargement","Spleen palpation","Not palpable / Palpable / Tender","LUQ pain; hematologic disease; infection"
Abdomen,Organ Exam,Liver,Percuss liver span,Abdomen 7,"Breathe normally","Percuss right MCL upward from umbilicus to dullness for lower border; percuss downward from below nipple to dullness for upper border; measure span","Abnormal liver span","Screens hepatomegaly","Liver span","Normal / Enlarged / Diminished / Not assessed","Liver disease; RUQ pain; volume overload"
Abdomen,Organ Exam,Liver,Palpate liver edge,Abdomen 8,"Inhale and exhale when asked","Place right hand below liver edge at right MCL; deepen palpation during exhalation; maintain during inhalation; move cephalad to costal margin","Palpable edge or tenderness","Screens liver edge and tenderness","Liver edge","Not palpable / Palpable / Tender","RUQ pain; liver disease; heart failure"
Abdomen,Advanced Maneuvers,RUQ,Murphy sign,Abdomen 9,"Take a deep breath in while pressure is held","Press under right costal margin at right MCL with hand/thumb under ribcage","Pain with sudden inspiratory stop","Tests for cholecystitis","Murphy sign","Negative / Positive / Not assessed","RUQ pain; cholecystitis concern"
Abdomen,Advanced Maneuvers,Peritoneal,Rebound tenderness,Abdomen 10,"Say whether pain is worse when pressing or releasing","Press deeply away from painful area then release quickly","Pain worse on release","Tests for peritonitis","Rebound tenderness","Absent / Present / Not assessed","Peritoneal signs; acute abdomen"
Abdomen,Advanced Maneuvers,Appendicitis,Psoas sign,Abdomen 11,"Raise right leg against resistance or lie on left side for hip extension","Supine: hand proximal to right knee and apply resistance; alternative: left lateral decubitus and extend right hip","Right lower quadrant pain","Tests appendicitis irritation of psoas","Psoas sign","Negative / Positive / Not assessed","RLQ pain; appendicitis concern"
Abdomen,Advanced Maneuvers,Appendicitis,Obturator sign,Abdomen 11,"Relax right leg","Flex right hip and knee to 90 degrees; internally rotate right hip","Right lower quadrant pain","Tests appendicitis/pelvic irritation","Obturator sign","Negative / Positive / Not assessed","RLQ pain; appendicitis concern"
Abdomen,Advanced Maneuvers,CVA,CVA tenderness,Abdomen 12,"Sit upright","Place palm at costovertebral angle; strike dorsal surface of hand with ulnar side of fist bilaterally","Flank pain/tenderness","Tests pyelonephritis or renal tenderness","CVA tenderness","Absent / Right / Left / Bilateral","Pyelonephritis; flank pain; AKI; renal colic"
Cardiopulmonary,Preparation,Equipment,Stethoscope hygiene,Cardiopulmonary prep,"N/A","Wash or clean stethoscope before exam","Clean equipment","Reduces infection risk and follows exam checklist preparation","Stethoscope cleaned","Yes / No / Not available","Before vital signs, pulmonary, vascular, or cardiac auscultation"
Cardiopulmonary,Vital Signs,Vitals,Heart rate,Cardiopulmonary 1,"Rest arm comfortably","Palpate radial pulse at least 15 seconds","Rate and regularity","Measures pulse rate","Heart rate","___","Routine vitals; cardiopulmonary concerns"
Cardiopulmonary,Vital Signs,Vitals,Respiratory rate,Cardiopulmonary 2,"Rest quietly","Observe respiratory rate at least 15 seconds","Respiratory rate and pattern","Measures respiratory status","Respiratory rate","___","Routine vitals; dyspnea; infection; respiratory disease"
Cardiopulmonary,Vital Signs,Vitals,Blood pressure,Cardiopulmonary 3,"Arm supported at heart level","Cuff snug above elbow crease; align artery marker; diaphragm over brachial artery; inflate 20-30 mmHg above normal; slowly deflate; Korotkoff appearance is systolic and disappearance is diastolic","Systolic and diastolic BP","Measures blood pressure","Blood pressure","___","Routine vitals; hypertension; shock; syncope"
Cardiopulmonary,Pulmonary Exam,Posterior thorax,Inspect posterior thorax,Cardiopulmonary 4,"Allow back exposure with gown opened","Inspect posterior thorax","Deformity, asymmetry, respiratory effort","Screens posterior chest appearance","Posterior thorax inspection","Normal / Increased work / Asymmetric / Deformity","Dyspnea; pulmonary exam"
Cardiopulmonary,Pulmonary Exam,Posterior thorax,Tactile fremitus,Cardiopulmonary 5,"Say toy boat or 99 at each level","Use ulnar hands or MCP palmar surface at least 3 levels bilaterally; avoid scapulae","Increased, decreased, asymmetric fremitus","Screens consolidation or effusion patterns","Tactile fremitus","Symmetric / Increased / Decreased / Asymmetric","Pneumonia; effusion; pulmonary exam"
Cardiopulmonary,Pulmonary Exam,Posterior thorax,Percuss posterior lung fields,Cardiopulmonary 6,"Sit still","Percuss posterior lung fields at least 3 levels bilaterally; avoid scapulae","Dullness or hyperresonance","Screens consolidation, effusion, hyperinflation","Posterior lung percussion","Resonant / Dull / Hyperresonant / Asymmetric","Pneumonia; effusion; COPD/asthma"
Cardiopulmonary,Pulmonary Exam,Posterior thorax,Auscultate posterior lung fields,Cardiopulmonary 7,"Take deep breaths through mouth if able","Auscultate posterior lung fields at least 3 levels bilaterally with diaphragm; avoid scapulae","Crackles, wheezes, rhonchi, diminished sounds","Screens breath sounds","Posterior lung sounds","Clear / Crackles / Wheezes / Rhonchi / Diminished","Dyspnea; pulmonary disease; infection"
Cardiopulmonary,Pulmonary Exam,Lateral thorax,Auscultate lateral lung fields,Cardiopulmonary 8,"Take deep breaths through mouth if able","Auscultate lateral lung fields at least 1 level bilaterally with diaphragm","Crackles, wheezes, rhonchi, diminished sounds","Screens lateral breath sounds","Lateral lung sounds","Clear / Crackles / Wheezes / Rhonchi / Diminished","Dyspnea; pulmonary exam"
Cardiopulmonary,Pulmonary Exam,Anterior thorax,Inspect anterior thorax,Cardiopulmonary 9,"Lower gown to expose upper chest as appropriate","Inspect anterior thorax","Retractions, deformity, effort","Screens anterior chest appearance","Anterior thorax inspection","Normal / Increased work / Asymmetric / Deformity","Dyspnea; pulmonary exam"
Cardiopulmonary,Pulmonary Exam,Anterior thorax,Percuss anterior lung fields,Cardiopulmonary 10,"Sit still","Percuss anterior lung fields at least 1 level bilaterally below clavicle","Dullness or hyperresonance","Screens anterior lung percussion","Anterior lung percussion","Resonant / Dull / Hyperresonant / Asymmetric","Pulmonary exam"
Cardiopulmonary,Pulmonary Exam,Anterior thorax,Auscultate anterior lung fields,Cardiopulmonary 11,"Take deep breaths through mouth if able","Auscultate anterior lung fields at least 1 level bilaterally below clavicle with diaphragm","Crackles, wheezes, rhonchi, diminished sounds","Screens anterior breath sounds","Anterior lung sounds","Clear / Crackles / Wheezes / Rhonchi / Diminished","Dyspnea; pulmonary exam"
Cardiopulmonary,Vascular Exam,Setup,Vascular positioning,Cardiopulmonary 12,"Lie back at 30 degrees","Adjust table to 30 degrees; lift foot extension; drape","Appropriate position for JVP and vascular exam","Vascular exam setup","Vascular exam setup","Completed / Limited / Deferred","Volume status; heart failure; vascular exam"
Cardiopulmonary,Vascular Exam,Neck,JVP,Cardiopulmonary 13,"Turn head slightly left while lying at 30 degrees","Stand on patient's right; observe jugular venous pulsations","Elevated JVP or not visible","Screens volume status/right-sided pressure","JVP","Not elevated / Elevated / Unable to assess","Heart failure; volume overload; shock"
Cardiopulmonary,Vascular Exam,Neck,Carotid auscultation and palpation,Cardiopulmonary 14,"Hold breath during auscultation","Auscultate carotids bilaterally with diaphragm or bell; palpate one at a time","Bruit, diminished pulse, asymmetry","Screens carotid bruits and pulse","Carotids","No bruit / Bruit right / Bruit left / Diminished pulse","Vascular disease; stroke risk; syncope"
Cardiopulmonary,Vascular Exam,Upper extremity,Radial pulses,Cardiopulmonary 15,"Relax arms","Palpate radial pulses bilaterally and symmetrically","Diminished or asymmetric pulses","Screens peripheral perfusion","Radial pulses","Equal / Diminished right / Diminished left / Absent","Vascular exam; shock; limb symptoms"
Cardiopulmonary,Vascular Exam,Lower extremity,Femoral pulses,Cardiopulmonary 16,"Relax legs with drape/underwear maintained as appropriate","Palpate femoral pulses bilaterally one at a time","Diminished or asymmetric pulses","Screens proximal lower extremity perfusion","Femoral pulses","Equal / Diminished right / Diminished left / Absent","Vascular disease; limb ischemia"
Cardiopulmonary,Vascular Exam,Lower extremity,Posterior tibial pulses,Cardiopulmonary 17,"Relax feet","Palpate posterior tibial pulses on skin bilaterally on medial side going lateral","Diminished or absent pulses","Screens distal perfusion","Posterior tibial pulses","Equal / Diminished right / Diminished left / Absent","Diabetes foot exam; vascular disease; edema"
Cardiopulmonary,Vascular Exam,Lower extremity,Dorsalis pedis pulses,Cardiopulmonary 18,"Relax feet","Palpate dorsalis pedis pulses bilaterally on skin","Diminished or absent pulses","Screens distal perfusion","Dorsalis pedis pulses","Equal / Diminished right / Diminished left / Absent","Diabetes foot exam; vascular disease; edema"
Cardiopulmonary,Vascular Exam,Lower extremity,Edema,Cardiopulmonary 19,"Relax legs","Apply firm pressure on lower tibia bony surface for at least 5 seconds bilaterally","Pitting edema","Screens volume overload or venous disease","Lower extremity edema","None / Trace / 1+ / 2+ / 3+","Heart failure; renal disease; liver disease; edema"
Cardiopulmonary,Cardiac Exam,Setup,Cardiac draping,Cardiopulmonary 20,"Allow exposure of left precordium with permission","Uncover left side of gown to expose precordium","Appropriate exposure","Allows cardiac inspection, palpation, auscultation","Cardiac exam setup","Completed / Limited / Deferred","Cardiac exam"
Cardiopulmonary,Cardiac Exam,Precordium,Inspect apical impulse,Cardiopulmonary 21,"Lie comfortably","Inspect apical impulse","Visible apical impulse or heave","Screens precordial activity","Apical impulse inspection","Not visible / Visible / Heave","Cardiac disease; heart failure"
Cardiopulmonary,Cardiac Exam,Precordium,Palpate PMI,Cardiopulmonary 22,"Lift left breast if needed and comfortable","Palpate point of maximal impulse at 5th ICS left MCL","Displaced or diffuse PMI","Screens cardiac size/activity","PMI","Normal / Displaced / Diffuse / Unable","Heart failure; cardiomyopathy"
Cardiopulmonary,Cardiac Exam,Auscultation,Auscultate heart with diaphragm and bell,Cardiopulmonary 23,"Breathe normally","Use diaphragm and bell over aortic, pulmonic, tricuspid, and mitral areas","Murmur, rub, gallop, abnormal heart sound","Screens cardiac auscultation across valve areas","Heart sounds","Normal / Murmur / Rub / Gallop / Other ___","Cardiac exam; chest pain; dyspnea; murmur"
Cardiopulmonary,Cardiac Exam,Auscultation,Aortic area,Cardiopulmonary 23,"Breathe normally","Auscultate 2nd intercostal space right sternal border with diaphragm and bell","Murmur, abnormal heart sound","Aortic valve listening area","Aortic area","Normal / Murmur / Abnormal sound","Cardiac exam; chest pain; murmur"
Cardiopulmonary,Cardiac Exam,Auscultation,Pulmonic area,Cardiopulmonary 23,"Breathe normally","Auscultate 2nd intercostal space left sternal border with diaphragm and bell","Murmur, abnormal heart sound","Pulmonic valve listening area","Pulmonic area","Normal / Murmur / Abnormal sound","Cardiac exam; chest pain; murmur"
Cardiopulmonary,Cardiac Exam,Auscultation,Tricuspid area,Cardiopulmonary 23,"Breathe normally","Auscultate 4th-5th intercostal space left sternal border with diaphragm and bell","Murmur, abnormal heart sound","Tricuspid valve listening area","Tricuspid area","Normal / Murmur / Abnormal sound","Cardiac exam; chest pain; murmur"
Cardiopulmonary,Cardiac Exam,Auscultation,Mitral area,Cardiopulmonary 23,"Breathe normally","Auscultate 5th intercostal space left midclavicular line with diaphragm and bell","Murmur, abnormal heart sound","Mitral valve listening area","Mitral area","Normal / Murmur / Abnormal sound","Cardiac exam; chest pain; murmur"
MSK,Shoulder,Inspection,Inspect shoulders,MSK Shoulder,"Sit or stand with shoulders exposed as appropriate","Inspect shoulders","Asymmetry, deformity, swelling, erythema","Screens shoulder appearance","Shoulder inspection","Normal / Swelling / Deformity / Erythema / Asymmetric","Shoulder pain; MSK exam"
MSK,Shoulder,Palpation,Palpate shoulders,MSK Shoulder,"Relax shoulders","Palpate shoulders on skin one at a time","Tenderness, warmth, swelling","Screens focal shoulder tenderness","Shoulder palpation","Nontender / Tender / Warm / Swollen","Shoulder pain; trauma"
MSK,Shoulder,Range of Motion,Flexion,MSK Shoulder ROM,"Raise arms forward overhead","Observe active shoulder flexion","Limited motion or pain","Screens shoulder flexion ROM","Shoulder flexion","Full / Limited by pain / Limited / Unable","Shoulder pain; MSK exam"
MSK,Shoulder,Range of Motion,Extension,MSK Shoulder ROM,"Lower arms, then raise straight behind back","Observe active shoulder extension","Limited motion or pain","Screens shoulder extension ROM","Shoulder extension","Full / Limited by pain / Limited / Unable","Shoulder pain; MSK exam"
MSK,Shoulder,Range of Motion,Abduction,MSK Shoulder ROM,"Start palms open at side; raise arms laterally overhead and cross arms","Observe active shoulder abduction","Limited motion or pain","Screens shoulder abduction ROM","Shoulder abduction","Full / Limited by pain / Limited / Unable","Shoulder pain; rotator cuff concern"
MSK,Shoulder,Range of Motion,Adduction,MSK Shoulder ROM,"Lower arms and cross in front of body","Observe shoulder adduction","Limited motion or pain","Screens shoulder adduction ROM","Shoulder adduction","Full / Limited by pain / Limited / Unable","Shoulder pain; MSK exam"
MSK,Shoulder,Range of Motion,External rotation,MSK Shoulder ROM,"Put hands behind neck with elbows out","Observe external rotation","Limited motion or pain","Screens shoulder external rotation","Shoulder external rotation","Full / Limited by pain / Limited / Unable","Shoulder pain; rotator cuff concern"
MSK,Shoulder,Range of Motion,Internal rotation,MSK Shoulder ROM,"Put hands behind back and raise as high as possible, crossing hands","Observe from behind","Limited motion or pain","Screens shoulder internal rotation","Shoulder internal rotation","Full / Limited by pain / Limited / Unable","Shoulder pain; rotator cuff concern"
MSK,Elbow,Inspection,Inspect elbows,MSK Elbow,"Expose elbows","Inspect elbows","Swelling, deformity, erythema","Screens elbow appearance","Elbow inspection","Normal / Swelling / Deformity / Erythema","Elbow pain; trauma"
MSK,Elbow,Palpation,Palpate elbows,MSK Elbow,"Relax arms","Palpate elbows on skin","Tenderness, warmth, swelling","Screens focal elbow tenderness","Elbow palpation","Nontender / Tender / Warm / Swollen","Elbow pain; MSK exam"
MSK,Elbow,Range of Motion,Flexion,MSK Elbow ROM,"Bend elbows","Observe flexion","Limited motion or pain","Screens elbow flexion","Elbow flexion","Full / Limited by pain / Limited / Unable","Elbow pain; MSK exam"
MSK,Elbow,Range of Motion,Extension,MSK Elbow ROM,"Straighten elbows","Observe extension","Limited motion or pain","Screens elbow extension","Elbow extension","Full / Limited by pain / Limited / Unable","Elbow pain; MSK exam"
MSK,Elbow,Range of Motion,Pronation,MSK Elbow ROM,"Elbows at sides flexed 90 degrees; turn palms down","Observe pronation","Limited motion or pain","Screens forearm pronation","Forearm pronation","Full / Limited by pain / Limited / Unable","Elbow/wrist pain; MSK exam"
MSK,Elbow,Range of Motion,Supination,MSK Elbow ROM,"Elbows at sides flexed 90 degrees; turn palms up","Observe supination","Limited motion or pain","Screens forearm supination","Forearm supination","Full / Limited by pain / Limited / Unable","Elbow/wrist pain; MSK exam"
MSK,Wrist,Inspection,Inspect wrists,MSK Wrist,"Expose wrists","Inspect wrists","Swelling, deformity, erythema","Screens wrist appearance","Wrist inspection","Normal / Swelling / Deformity / Erythema","Wrist pain; trauma"
MSK,Wrist,Palpation,Palpate wrists,MSK Wrist,"Relax wrists","Palpate all around wrist on skin","Tenderness, warmth, swelling","Screens focal wrist tenderness","Wrist palpation","Nontender / Tender / Warm / Swollen","Wrist pain; MSK exam"
MSK,Wrist,Range of Motion,Extension,MSK Wrist ROM,"Make fists with dorsum facing upward; move fists toward ceiling","Observe wrist extension","Limited motion or pain","Screens wrist extension ROM","Wrist extension ROM","Full / Limited by pain / Limited / Unable","Wrist pain; MSK exam"
MSK,Wrist,Range of Motion,Flexion,MSK Wrist ROM,"Make fists with dorsum facing upward; move fists toward floor","Observe wrist flexion","Limited motion or pain","Screens wrist flexion ROM","Wrist flexion ROM","Full / Limited by pain / Limited / Unable","Wrist pain; MSK exam"
MSK,Wrist,Range of Motion,Radial deviation,MSK Wrist ROM,"Move fists inward","Observe radial deviation","Limited motion or pain","Screens wrist radial deviation","Wrist radial deviation","Full / Limited by pain / Limited / Unable","Wrist pain; MSK exam"
MSK,Wrist,Range of Motion,Ulnar deviation,MSK Wrist ROM,"Move fists outward","Observe ulnar deviation","Limited motion or pain","Screens wrist ulnar deviation","Wrist ulnar deviation","Full / Limited by pain / Limited / Unable","Wrist pain; MSK exam"
MSK,Hand,Inspection,Inspect hands,MSK Hand,"Show dorsal and palmar hand surfaces","Inspect hands","Swelling, deformity, erythema, nodules","Screens hand appearance","Hand inspection","Normal / Swelling / Deformity / Erythema / Nodules","Hand pain; arthritis; MSK exam"
MSK,Hand,Palpation,Palpate MCP PIP DIP joints,MSK Hand,"Relax hands","Palpate MCPs, PIPs, and DIPs on skin; do both sides on each finger at a time","Tenderness, swelling, warmth","Screens inflammatory or traumatic hand disease","Hand joint palpation","Nontender / Tender / Swollen / Warm","Hand pain; arthritis"
MSK,Hand,Range of Motion,Finger flexion,MSK Hand ROM,"Make fists","Observe finger flexion","Limited motion or pain","Screens finger flexion","Finger flexion","Full / Limited / Unable","Hand pain; arthritis; tendon concern"
MSK,Hand,Range of Motion,Finger extension,MSK Hand ROM,"Straighten fingers","Observe finger extension","Limited motion or pain","Screens finger extension","Finger extension","Full / Limited / Unable","Hand pain; tendon concern"
MSK,Hand,Range of Motion,Finger abduction,MSK Hand ROM,"Spread fingers apart","Observe abduction","Limited motion or weakness","Screens intrinsic hand function","Finger abduction","Full / Limited / Weak / Unable","Ulnar nerve; hand weakness"
MSK,Hand,Range of Motion,Finger adduction,MSK Hand ROM,"Bring fingers together","Observe adduction","Limited motion or weakness","Screens intrinsic hand function","Finger adduction","Full / Limited / Weak / Unable","Ulnar nerve; hand weakness"
MSK,Hand,Range of Motion,Thumb opposition,MSK Hand ROM,"Touch thumb to pinky bilaterally","Observe thumb opposition","Limited motion or weakness","Screens median nerve/thumb opposition","Thumb opposition","Intact / Limited right / Limited left / Unable","Carpal tunnel; hand weakness"
MSK,Hip,Inspection,Inspect hips,MSK Hip,"Lie back and lower gown to inside of waistband as appropriate","Inspect hips","Asymmetry, deformity, swelling","Screens hip appearance","Hip inspection","Normal / Asymmetric / Deformity / Swelling","Hip pain; trauma"
MSK,Hip,Palpation,Palpate hips and greater trochanter,MSK Hip,"Lie supine and then side-lying for greater trochanter palpation","Palpate hips on skin; palpate greater trochanter over clothing or skin; do both sides before ROM","Tenderness, warmth, swelling","Screens hip/trochanter tenderness","Hip palpation","Nontender / Tender / Warm / Swollen","Hip pain; bursitis; trauma"
MSK,Hip,Range of Motion,Flexion,MSK Hip ROM,"Bring knee toward chest bilaterally","Observe hip flexion supine","Limited motion or pain","Screens hip flexion ROM","Hip flexion ROM","Full / Limited by pain / Limited / Unable","Hip pain; MSK exam"
MSK,Hip,Range of Motion,Extension,MSK Hip ROM,"Lie on side; allow leg to be pulled backward","Move leg backward in side position","Limited motion or pain","Screens hip extension ROM","Hip extension ROM","Full / Limited by pain / Limited / Unable","Hip pain; MSK exam"
MSK,Hip,Range of Motion,Abduction,MSK Hip ROM,"Allow leg to move laterally","Hand on opposite ASIS; abduct leg laterally","Limited motion or pain","Screens hip abduction ROM","Hip abduction ROM","Full / Limited by pain / Limited / Unable","Hip pain; MSK exam"
MSK,Hip,Range of Motion,Adduction,MSK Hip ROM,"Allow leg to move medially","Hand on opposite ASIS; adduct leg medially","Limited motion or pain","Screens hip adduction ROM","Hip adduction ROM","Full / Limited by pain / Limited / Unable","Hip pain; MSK exam"
MSK,Hip,Range of Motion,Internal rotation,MSK Hip ROM,"Relax hip and knee flexed to 90 degrees","With hip and knee flexed 90 degrees, move ankle laterally","Limited motion or pain","Screens hip internal rotation","Hip internal rotation","Full / Limited by pain / Limited / Unable","Hip pain; MSK exam"
MSK,Hip,Range of Motion,External rotation,MSK Hip ROM,"Relax hip and knee flexed to 90 degrees","With hip and knee flexed 90 degrees, move ankle medially","Limited motion or pain","Screens hip external rotation","Hip external rotation","Full / Limited by pain / Limited / Unable","Hip pain; MSK exam"
MSK,Knee,Inspection,Inspect knees,MSK Knee,"Expose knees","Inspect knees","Swelling, deformity, erythema","Screens knee appearance","Knee inspection","Normal / Swelling / Deformity / Erythema","Knee pain; trauma"
MSK,Knee,Palpation,Palpate knees,MSK Knee,"Relax knees","Palpate top, bottom, sides, and behind knees on skin","Tenderness, warmth, effusion","Screens focal knee tenderness/effusion","Knee palpation","Nontender / Tender / Warm / Effusion","Knee pain; trauma; arthritis"
MSK,Knee,Range of Motion,Flexion,MSK Knee ROM,"Flex knees","Observe knee flexion","Limited motion or pain","Screens knee flexion ROM","Knee flexion ROM","Full / Limited by pain / Limited / Unable","Knee pain; MSK exam"
MSK,Knee,Range of Motion,Extension,MSK Knee ROM,"Extend knees","Observe knee extension","Limited motion or pain","Screens knee extension ROM","Knee extension ROM","Full / Limited by pain / Limited / Unable","Knee pain; MSK exam"
MSK,Ankle,Inspection,Inspect ankles,MSK Ankle,"Expose ankles","Inspect ankles","Swelling, deformity, erythema","Screens ankle appearance","Ankle inspection","Normal / Swelling / Deformity / Erythema","Ankle pain; trauma"
MSK,Ankle,Palpation,Palpate ankles,MSK Ankle,"Relax ankles","Palpate fully around ankle on skin","Tenderness, warmth, swelling","Screens ankle tenderness","Ankle palpation","Nontender / Tender / Warm / Swollen","Ankle pain; trauma"
MSK,Ankle,Range of Motion,Dorsiflexion,MSK Ankle ROM,"Move foot toward ceiling","Move foot manually if needed","Limited motion or pain","Screens ankle dorsiflexion ROM","Ankle dorsiflexion ROM","Full / Limited by pain / Limited / Unable","Ankle pain; MSK exam"
MSK,Ankle,Range of Motion,Plantarflexion,MSK Ankle ROM,"Move foot toward floor","Move foot manually if needed","Limited motion or pain","Screens ankle plantarflexion ROM","Ankle plantarflexion ROM","Full / Limited by pain / Limited / Unable","Ankle pain; MSK exam"
MSK,Ankle,Range of Motion,Inversion,MSK Ankle ROM,"Relax foot","Stabilize above ankle, grasp heel, invert medially bilaterally","Limited motion or pain","Screens ankle inversion ROM","Ankle inversion","Full / Limited by pain / Limited / Unable","Ankle pain; sprain"
MSK,Ankle,Range of Motion,Eversion,MSK Ankle ROM,"Relax foot","Stabilize above ankle, grasp heel, evert laterally bilaterally","Limited motion or pain","Screens ankle eversion ROM","Ankle eversion","Full / Limited by pain / Limited / Unable","Ankle pain; sprain"
MSK,Foot,Inspection,Inspect feet,MSK Foot,"Expose dorsal and plantar surfaces","Inspect feet","Ulcer, deformity, swelling, erythema","Screens foot appearance","Foot inspection","Normal / Ulcer / Deformity / Swelling / Erythema","Diabetes; foot pain; vascular disease"
MSK,Foot,Palpation,MTP squeeze test,MSK Foot,"Relax foot","Compress medial and lateral forefoot at MTPs","Forefoot/MTP pain","Screens MTP tenderness/inflammation","MTP squeeze","Negative / Positive right / Positive left / Bilateral","Forefoot pain; inflammatory arthritis"
MSK,Foot,Range of Motion,Toe motion,MSK Foot ROM,"Move toes up and down","Observe toe flexion/extension","Limited motion or pain","Screens toe ROM","Toe range of motion","Full / Limited / Unable","Foot pain; neuro/MSK exam"
MSK,Foot,Range of Motion,Forefoot inversion,MSK Foot ROM,"Relax foot","Stabilize heel; invert forefoot medially","Limited motion or pain","Screens forefoot inversion","Forefoot inversion","Full / Limited by pain / Limited / Unable","Foot pain; MSK exam"
MSK,Foot,Range of Motion,Forefoot eversion,MSK Foot ROM,"Relax foot","Stabilize heel; evert forefoot laterally","Limited motion or pain","Screens forefoot eversion","Forefoot eversion","Full / Limited by pain / Limited / Unable","Foot pain; MSK exam"
MSK,Foot,Range of Motion,Toe flexion,MSK Foot ROM,"Flex toes toward floor","Observe toe flexion","Limited motion or pain","Screens toe flexion","Toe flexion","Full / Limited / Unable","Foot pain; neuro/MSK exam"
MSK,Foot,Range of Motion,Toe extension,MSK Foot ROM,"Extend toes toward ceiling","Observe toe extension","Limited motion or pain","Screens toe extension","Toe extension","Full / Limited / Unable","Foot pain; neuro/MSK exam"
MSK,Spine,Cervical spine,Inspect cervical spine,MSK Cervical Spine,"Expose neck as appropriate","Inspect cervical spine","Deformity, asymmetry, swelling","Screens cervical spine appearance","Cervical spine inspection","Normal / Deformity / Asymmetric / Swelling","Neck pain; trauma; radiculopathy"
MSK,Spine,Cervical spine,Palpate cervical spine,MSK Cervical Spine,"Relax neck","Palpate cervical vertebrae and paravertebral muscles on skin","Midline or paraspinal tenderness","Screens cervical tenderness","Cervical spine palpation","Nontender / Midline tender / Paraspinal tender / Spasm","Neck pain; trauma; radiculopathy"
MSK,Spine,Cervical spine,Cervical flexion,MSK Cervical ROM,"Chin to chest","Observe cervical flexion","Limited motion or pain","Screens cervical flexion","Cervical flexion","Full / Limited by pain / Limited / Unable","Neck pain; MSK exam"
MSK,Spine,Cervical spine,Cervical extension,MSK Cervical ROM,"Look toward ceiling","Observe cervical extension","Limited motion or pain","Screens cervical extension","Cervical extension","Full / Limited by pain / Limited / Unable","Neck pain; MSK exam"
MSK,Spine,Cervical spine,Cervical rotation,MSK Cervical ROM,"Turn head left and right","Observe cervical rotation","Limited motion or pain","Screens cervical rotation","Cervical rotation","Full / Limited by pain / Limited / Unable","Neck pain; MSK exam"
MSK,Spine,Cervical spine,Cervical lateral bending,MSK Cervical ROM,"Bring ear toward each shoulder","Observe lateral bending","Limited motion or pain","Screens cervical lateral bending","Cervical lateral bending","Full / Limited by pain / Limited / Unable","Neck pain; MSK exam"
MSK,Spine,Thoracolumbar spine,Inspect thoracolumbar spine,MSK Thoracolumbar Spine,"Stand up as able","Inspect thoracolumbar spine","Scoliosis, deformity, asymmetry","Screens back appearance","Thoracolumbar inspection","Normal / Deformity / Asymmetric / Unable","Back pain; posture; trauma"
MSK,Spine,Thoracolumbar spine,Palpate thoracolumbar spine,MSK Thoracolumbar Spine,"Stand or sit as able","Palpate vertebrae and paravertebral muscles on skin","Midline/paraspinal tenderness or spasm","Screens back tenderness","Thoracolumbar palpation","Nontender / Midline tender / Paraspinal tender / Spasm","Back pain; trauma; radiculopathy"
MSK,Spine,Thoracolumbar spine,Thoracolumbar flexion,MSK Thoracolumbar ROM,"Lean forward and attempt to touch toes","Observe flexion","Limited motion or pain","Screens thoracolumbar flexion","Thoracolumbar flexion","Full / Limited by pain / Limited / Unable","Back pain; MSK exam"
MSK,Spine,Thoracolumbar spine,Thoracolumbar extension,MSK Thoracolumbar ROM,"Bend backward","Observe extension","Limited motion or pain","Screens thoracolumbar extension","Thoracolumbar extension","Full / Limited by pain / Limited / Unable","Back pain; MSK exam"
MSK,Spine,Thoracolumbar spine,Thoracolumbar rotation,MSK Thoracolumbar ROM,"Rotate torso left and right while hips stabilized","Stabilize hips; observe rotation","Limited motion or pain","Screens thoracolumbar rotation","Thoracolumbar rotation","Full / Limited by pain / Limited / Unable","Back pain; MSK exam"
MSK,Spine,Thoracolumbar spine,Thoracolumbar lateral bending,MSK Thoracolumbar ROM,"Bend torso laterally, hand toward each foot","Observe lateral bending","Limited motion or pain","Screens thoracolumbar lateral bending","Thoracolumbar lateral bending","Full / Limited by pain / Limited / Unable","Back pain; MSK exam"
MSK,Advanced Maneuvers,Shoulder,Empty can test,MSK Advanced Shoulder,"Abduct arm to 90 degrees in scapular plane; internally rotate thumb down; resist downward pressure","Apply downward resistance","Pain or sudden drop","Tests shoulder impingement/supraspinatus","Empty can test","Negative / Pain / Weakness or drop / Unable","Shoulder pain; rotator cuff/impingement concern"
MSK,Advanced Maneuvers,Shoulder,Hawkins test,MSK Advanced Shoulder,"Arm abducted to 90 degrees with elbow flexed to 90 degrees","Internally rotate forearm downward while holding mid upper arm for stability","Pain","Tests shoulder impingement","Hawkins test","Negative / Positive / Unable","Shoulder impingement concern"
MSK,Advanced Maneuvers,Shoulder,Yergason test,MSK Advanced Shoulder,"Elbow flexed 90 degrees, forearm pronated; supinate against resistance","Resist supination","Pain over biceps tendon","Tests bicipital tendinitis","Yergason test","Negative / Positive / Unable","Anterior shoulder pain; biceps tendon concern"
MSK,Advanced Maneuvers,Wrist,Tinel test,MSK Advanced Wrist,"Relax wrist","Tap over median nerve at wrist","Tingling or pain in thumb, index, middle, radial ring finger","Tests carpal tunnel syndrome","Tinel sign","Negative / Positive right / Positive left / Bilateral","Paresthesias; carpal tunnel concern"
MSK,Advanced Maneuvers,Wrist,Phalen test,MSK Advanced Wrist,"Flex wrists to 90 degrees with dorsum of hands pressed together for 30 seconds","Hold position and observe symptoms","Tingling or pain","Tests carpal tunnel syndrome","Phalen test","Negative / Positive right / Positive left / Bilateral","Paresthesias; carpal tunnel concern"
MSK,Advanced Maneuvers,Wrist,Finkelstein test,MSK Advanced Wrist,"Tuck thumb into fist","Ulnar deviate wrist","Radial wrist pain","Tests De Quervain tenosynovitis","Finkelstein test","Negative / Positive right / Positive left / Bilateral","Radial wrist pain; De Quervain concern"
MSK,Advanced Maneuvers,Back,Straight leg raise,MSK Advanced Back,"Lie supine with leg extended","Raise leg to at least 60 degrees or until pain; test both legs","Radiating pain","Tests sciatica/radiculopathy","Straight leg raise","Negative / Positive right / Positive left / Bilateral","Low back pain with radicular symptoms"
MSK,Advanced Maneuvers,Knee,Anterior drawer,MSK Advanced Knee,"Knee flexed to 90 degrees; relax leg","Stabilize foot and pull tibia anteriorly","Greater than 5 mm laxity","Tests ACL tear","Anterior drawer","Negative / Positive right / Positive left / Bilateral","Knee injury; ACL concern"
MSK,Advanced Maneuvers,Knee,Posterior drawer,MSK Advanced Knee,"Knee flexed to 90 degrees; relax leg","Push tibia posteriorly","Greater than 5 mm laxity","Tests PCL tear","Posterior drawer","Negative / Positive right / Positive left / Bilateral","Knee injury; PCL concern"
MSK,Advanced Maneuvers,Knee,Ballottement,MSK Advanced Knee,"Relax knee","Milk fluid toward patella and press patella posteriorly","Palpable tap","Tests knee effusion","Patellar ballottement","Negative / Positive right / Positive left / Bilateral","Knee swelling; effusion concern"
MSK,Advanced Maneuvers,Knee,Patellar grind Clarke test,MSK Advanced Knee,"Contract quadriceps while pressure is applied superior to patella","Apply pressure superior to patella","Pain","Tests patellofemoral syndrome","Patellar grind","Negative / Positive right / Positive left / Bilateral","Anterior knee pain"
